{"stats":{"minecraft:custom":{"minecraft:jump":183,"minecraft:time_since_rest":72712,"minecraft:crouch_one_cm":101,"minecraft:leave_game":1,"minecraft:sprint_one_cm":56225,"minecraft:play_time":72712,"minecraft:time_since_death":72712,"minecraft:walk_one_cm":275109,"minecraft:sneak_time":24,"minecraft:total_world_time":82876,"minecraft:drop":2,"minecraft:tune_noteblock":813,"minecraft:fly_one_cm":270027},"minecraft:used":{"minecraft:redstone":186,"minecraft:spruce_button":4,"minecraft:note_block":66,"minecraft:repeater":94,"minecraft:grass_block":3},"minecraft:dropped":{"minecraft:redstone":2},"minecraft:picked_up":{"minecraft:spruce_button":1,"minecraft:redstone":4}},"DataVersion":3337}